模型,R^2,R^2_std,RMSE,MAE
LinearRegression,-0.13283941991727363,1.3556625674224825,15.274124618161334,12.068712599008117
XGBoost,0.5425273945856273,0.3540048294002644,10.681418455466355,7.798527113928364
