模型,R^2,R^2_std,RMSE,MAE
LinearRegression,0.5136595804620139,0.2695083748633751,17.482603514924428,13.461740471661917
XGBoost,0.5406473482196621,0.2997837961971087,16.83680150717141,11.791912074157102
